"","timestamp","Dperiods","Ex","Mc","Rs","Ra","Os","Cs","Rps","Rms","Dc","La","Pf","Cp","Ds"
"2","1474405200000","0.0","0.0","0.0","10.0","0.0","10.0","10.0","0.0","0.0","0.0","0.0","0.0","0.0","0.0"
"3","1474491600000","0.0","0.0","0.0","10.0","10.0","5.070754716981131","5.070754716981131","0.0","0.0","0.0","0.0","5.0","0.0","0.0"
"4","1474578000000","0.06666666666666667","0.05555555555555556","0.0","10.0","10.0","5.070754716981131","5.070754716981131","0.0","0.0","0.0","0.0","5.0","8.074719170975683","0.2793821601540523"
"5","1474837200000","0.06666666666666667","0.05555555555555556","0.0","10.0","10.0","5.070754716981131","5.070754716981131","0.0","0.0","0.0","0.0","5.0","8.074719170975683","0.2793821601540523"
"6","1474923600000","0.06666666666666667","0.05555555555555556","0.0","10.0","3.318040313160331","0.25237116228070233","2.5144230769230766","0.0","0.0","0.0","0.0","1.7896379954655028","8.074719170975683","0.10704552779633802"
"7","1475010000000","0.13333333333333333","0.11111111111111112","0.0","10.0","3.427220613165578","0.356541565224221","3.9264705882352944","0.0","0.0","0.0","0.0","1.0459161138241142","10.0","0.2121794582683832"
"8","1475096400000","0.2","0.16666666666666669","0.0","10.0","5.52463817519987","0.38747911683492786","3.1694444444444434","0.0","0.0","0.0","0.0","1.8614341957651315","10.0","0.4165895574496956"
"9","1475182800000","0.26666666666666666","0.22222222222222224","0.0","10.0","7.135240798990899","0.399097147732731","6.027777777777779","0.0","0.0","0.0","0.0","1.6669018991401885","10.0","0.6628726250990878"
"10","1475442000000","0.3333333333333333","0.2777777777777778","0.0","10.0","9.132999345601554","0.4135685248242893","6.471615406726071","0.0","0.0","0.0","0.0","4.482524704691144","10.0","1.2238022494039686"
"11","1475528400000","0.4","0.33333333333333337","0.0","10.0","9.369745049567467","0.41045037422464237","7.136323336405015","0.0","0.0","0.0","0.0","5.145249467868291","10.0","1.5811512611449168"
"12","1475614800000","0.4666666666666667","0.3888888888888889","0.0","10.0","9.518977480224605","0.45914012954810235","7.07554945054945","0.0","0.0","0.0","0.0","4.354602561704421","10.0","1.7359026590845044"
"13","1475701200000","0.4862211651646079","0.40518430430383995","0.0","10.0","9.556750376186718","0.47476398897077776","6.958055555555555","0.0","0.0","0.0","0.0","6.315974358420239","10.0","2.0976998544190137"
"14","1475787600000","0.4864153567234142","0.4053461306028452","0.0","10.0","9.707457255412779","0.8267669102010011","7.780683229813663","0.0","0.0","0.0","0.0","9.453558396912792","10.0","2.6229041278961063"
"15","1476046800000","0.48759029600391685","0.4063252466699307","0.0","10.0","9.747737100570799","1.0413167470230011","7.496487603305785","0.0","0.0","0.0","0.0","9.514332730064957","10.0","2.6382141543210587"
"16","1476133200000","0.48813444241741916","0.406778702014516","0.0","10.0","9.758821447702784","1.0413167470230011","6.873658452226545","0.0","0.0","0.0","0.0","9.18925037088729","10.0","2.5684700535248433"
"17","1476219600000","0.4882682917007101","0.40689024308392513","0.0","10.0","9.763394070250113","0.9899866795278123","6.834926624737946","0.0","0.0","0.0","0.0","9.261937150555832","10.0","2.576753903056624"
"18","1476306000000","0.48832155587696646","0.4069346298974721","0.0","10.0","9.771308449354352","1.1417800326626704","6.712942386831275","0.0","0.0","0.0","0.0","8.930275752107848","10.0","2.5291877478047735"
"19","1476392400000","0.48841897614248314","0.4070158134520693","0.0","10.0","9.778324886734454","1.161568014270471","6.665989570798234","0.0","0.0","0.0","0.0","9.311118571199072","10.0","2.5860337182452056"
"20","1476651600000","0.48851655287990137","0.4070971273999178","0.0","10.0","9.788342219382894","1.160074300699302","6.347834302064026","0.0","0.0","0.0","0.0","9.235890430168622","10.0","2.5632401367883237"
"21","1476738000000","0.48865840001327565","0.4072153333443964","0.0","10.0","9.79286157342867","1.2931959429714568","6.331037488021678","0.0","0.0","0.0","0.0","9.063546422274595","10.0","2.5431428520012664"
"22","1476824400000","0.48873064068745975","0.40727553390621646","0.0","10.0","9.803236573203426","1.3967510153077167","6.23633314727617","0.0","0.0","0.0","0.0","9.403547721538892","10.0","2.595458913476207"
"23","1476910800000","0.5750900593100887","0.4792417160917406","0.4556673979940422","10.0","9.813699616339617","1.3740266718600957","6.152010769037841","5.072885543591661","5.290757647311408","6.486979504299754","9.52028461994444","8.868487870576121","10.0","3.683661788500184"
"24","1476997200000","0.6754013650290561","0.5628344708575468","0.5082291240001321","9.820851384390036","9.821202968336005","1.4278172990063243","6.118715676978389","5.064110944380347","5.231057871371474","6.323731816083066","9.520635256442615","8.527485116891075","10.0","4.244636133042876"
"25","1477256400000","0.7546940119182861","0.6289116765985718","0.6567213347749553","9.735411273330888","9.82881576441368","1.4080415932384693","5.852624014388721","5.112334582730651","5.23419610720845","6.256360642497657","9.492107561821696","8.310450228998366","10.0","4.682379873813811"
"26","1477342800000","0.8979205767254838","0.7482671472712364","0.905268662881789","9.692480018457193","9.83499390947637","1.4489852442674023","5.804981891308531","5.272819588338863","5.210074101033575","6.320382464376286","9.499021075060316","8.874472606845329","10.0","5.763538548800632"
"27","1477429200000","1.0","0.8333333333333334","1.3210002698306276","9.666745260072103","9.842727074261719","1.4558378141523365","5.834453405017923","5.380856165593966","5.208417214805447","6.311371220546854","9.507299004477153","8.456174440682837","10.0","6.391946660143179"
"28","1477515600000","1.0666666666666667","0.888888888888889","1.3449227787211182","9.64965713205149","9.846931521432483","1.489864864864865","5.863688413803461","5.363499677287425","5.168442936110193","6.229497750212256","9.480786775685345","8.26098752177464","10.0","6.737247320634662"
"29","1477602000000","1.1333333333333333","0.9444444444444444","1.2385091804592128","9.633391925349118","9.851791246637628","1.5539957490099188","5.83966196668314","5.36539722818847","5.056749949265819","6.123284019710969","9.436293206094483","8.011454512872868","10.0","6.999360983629547"
"30","1477861200000","1.2","1.0","1.117437565982219","9.609936250782557","9.855697675587844","1.7018758242751075","5.775743083567615","5.365070616866299","4.895114376693743","6.227410802873736","9.427923523806772","7.809707899222187","10.0","7.264588843236596"
"31","1477947600000","1.2666666666666666","1.0555555555555556","0.9764306846627785","9.591715966442507","9.861231944800792","1.6821547385208369","5.370968028735019","5.360822865536648","4.929145387198842","6.100519311776508","9.387677254922338","7.636699150865605","10.0","7.473121528071868"
"32","1478034000000","1.3333333333333333","1.1111111111111112","1.59041165254044","9.566529936127464","9.868201012144262","1.5237792437798103","4.949234889886224","5.381725908882217","4.86293476316427","6.243589107068482","9.383699021068056","7.775994462159746","10.0","8.074046707139805"
"33","1478120400000","1.4","1.1666666666666667","2.5824872173080244","9.545936873398638","9.874588642877152","1.6173010739004745","4.92679692340351","5.348270145926781","4.956930515196929","6.169053978685534","9.376868750164922","7.926298448512195","10.0","8.945022574487355"
"34","1478206800000","1.4666666666666668","1.2222222222222223","3.1396202112633724","9.518363802665307","9.879234090057897","1.7934558064652728","4.988622885989615","5.268752534716221","4.980433876471089","6.175701580567158","9.375051243566482","8.23608867653926","10.0","9.771202533435867"
"35","1478469600000","1.5333333333333332","1.2777777777777777","3.256676238791764","9.495040099210321","9.884177066738962","1.8561890032874073","4.988884007103781","5.205684316716942","4.986756803522045","6.105629632753134","9.361077519354067","8.259010517594977","10.0","10.253717190174878"
"36","1478556000000","1.6","1.3333333333333335","3.3309926341430867","9.475052068790044","9.88732492046511","1.910976770308066","5.050855388471178","5.1911913050001335","5.008322421814166","6.093182366865553","9.315515425198784","8.062900412197925","10.0","10.609180950444793"
"37","1478642400000","1.6666666666666665","1.3888888888888888","3.2841632367102305","9.455360978446953","9.896053731635282","1.8720681849747556","5.041289226726726","5.217327764470826","4.783502467238534","6.02666895259368","9.269179001047199","6.6454986134860805","10.0","10.146539141319714"
"38","1478728800000","1.7333333333333334","1.4444444444444446","3.1888610158876647","9.41785729578798","9.904190612812004","1.8970491311550708","4.904467272741676","5.222121904861768","4.468599632415328","5.893325389656212","9.229230826508585","5.440725349802541","10.0","9.695477511181153"
"39","1478815200000","1.8","1.5","3.2121528776166812","9.378223158953581","9.908213055580031","1.899449225708928","4.850582386038055","5.243805275810788","4.469201400806345","5.848788442573141","9.151289405627065","4.332719567320379","10.0","9.34677844919115"
"40","1479074400000","1.8666666666666667","1.5555555555555556","3.2442226220766517","9.33974664647089","9.910687455089281","1.9147432211942461","4.539955242281438","5.0765226912034835","4.349070646231407","5.859491620948675","9.143025791877733","4.7928981632185605","10.0","9.889547652557294"
"41","1479160800000","1.9333333333333333","1.6111111111111112","3.423951191308869","9.298587931891412","9.911797827949908","1.9177078367288714","4.623290038686005","5.143357792509029","4.258996713438911","5.704173441685595","9.125589778775836","4.4422253344573095","10.0","10.054771864778541"
"42","1479247200000","2.0","1.6666666666666667","3.6890646794944515","9.261534152983325","9.912549044265312","2.012608162978765","4.59068408937609","5.16452859593468","4.276780847974075","5.74868680002132","9.107025893801024","4.55914450150283","10.0","10.584318275896031"
"43","1479333600000","2.066666666666667","1.7222222222222225","4.078218398910952","9.227997361487311","9.913491526787524","2.107328754734339","4.553398872754069","5.209395740058386","4.2860443234231935","5.784797402052694","9.072790070540798","5.056875337729965","10.0","11.462174270999796"
"44","1479420000000","2.1333333333333333","1.777777777777778","4.415857550395779","9.19660008012089","9.915339799290233","2.0698749562610996","4.549547550184699","5.174929966911468","4.303423709808908","5.761527135173478","9.075332856741873","5.518035268513302","10.0","12.309941157108653"
"45","1479679200000","2.2","1.8333333333333335","4.718163838983463","9.167485759556671","9.917827637067067","2.0739113348748752","4.572028443292217","5.145256332132959","4.33242824035707","5.74332869695093","9.076623147552057","5.88481411741512","10.0","13.118658593597777"
"46","1479765600000","2.2666666666666666","1.8888888888888888","4.825857096309058","9.140783621368413","9.919958785628287","2.136964049221717","4.921483052609266","5.130347956243211","4.420619879730633","5.799940288297124","9.076811459907864","5.802937114041531","10.0","13.576329413346768"
"47","1479852000000","2.3333333333333335","1.9444444444444446","4.9666836524139635","9.116203451348738","9.921414828761549","2.224634651375783","5.005709288305593","5.038855931513449","4.457208063807964","5.738891539954368","9.09656800495907","6.552081235351206","10.0","14.686155454258795"
"48","1479938400000","2.4","2.0","5.067499656461604","9.093499760314758","9.922897330544998","2.3429130423925413","4.910266193903513","5.00615108675041","4.539409828323879","5.762308001876823","9.104388170512902","6.621533136178054","10.0","15.206676232290047"
"49","1480024800000","2.466666666666667","2.055555555555556","4.977927149704833","9.072463487354085","9.923913526193282","2.378828850975958","4.865887903620622","4.989142938166379","4.558024499704583","5.7784615819464165","9.1036714936817","6.523057294129399","10.0","15.436199691904221"
"50","1480284000000","2.533333333333333","2.111111111111111","5.036649365243964","9.052915483900785","9.92641211219406","2.624396907085904","4.838925816274072","4.996188340415528","4.583203814539162","5.805294314681021","9.110563446152604","6.421835075794123","10.0","15.816221178236994"
"51","1480370400000","2.6","2.166666666666667","5.2743286887100576","9.034701348095815","9.928806232269803","2.681915175374483","4.852826083613943","5.019160383178578","4.6003439776010415","5.8167364598905245","9.087044999705594","6.666771572384698","10.0","16.602179522886047"
"52","1480456800000","2.6666666666666665","2.2222222222222223","5.357764787496711","9.017687293876756","9.930888020442307","2.7280742759559806","4.620712717691603","4.9732330895677626","4.577197642063245","5.841890132307731","9.102148334993181","7.47340852540805","10.0","17.767662774411566"
"53","1480543200000","2.7333333333333334","2.277777777777778","5.298898577762854","9.001756820797429","9.931865587987351","2.7979771340594164","4.72825687593819","4.969292127469679","4.560156376572987","5.816309469975934","9.093938799123906","6.986272273570762","10.0","17.675148782732872"
"54","1480629600000","2.8","2.3333333333333335","5.1656478991698425","8.98680800916302","9.932866654222524","2.8958753426730444","4.690606426985689","4.843442241739048","4.530902290933414","5.801586894767148","9.067500288549446","6.883195102459352","10.0","17.843379874409692"
"55","1480888800000","2.8666666666666667","2.388888888888889","5.117543906172709","8.978135329844115","9.934179906082859","2.9035326086956523","4.641392820916877","4.825255942411245","4.500888879849133","5.8126954045949795","9.059599845062145","6.384436488131806","10.0","17.653918350815598"
"56","1480975200000","2.9333333333333336","2.4444444444444446","5.073032969393113","8.969963579748102","9.93562024259927","2.9416835999655957","4.534804909384601","4.8141041407904055","4.586971115242556","5.756817123703924","9.062048941276394","6.566573349405028","10.0","18.164691422815682"
"57","1481061600000","3.0","2.5","5.045504777383712","8.962249645831918","9.936520449536147","3.1318399419729204","4.6113621426224105","4.7545418053642114","4.584110636202988","5.765283049930151","9.061013007636959","6.675542597736571","10.0","18.691413483498163"
"58","1481148000000","3.066666666666667","2.555555555555556","5.226265978164588","8.961183530160618","9.938020022642462","3.2603608999212472","4.525878826546084","4.718902929875185","4.599302370731992","5.75623811196055","8.879389728381678","7.6216211133884855","10.0","20.213148377418584"
"59","1481234400000","3.1333333333333333","2.611111111111111","5.330644657892016","8.960172024389761","9.93931608268875","3.410210622986929","4.782867446183479","4.659028138754346","4.607681966495916","5.6845439343212165","8.805599362521754","8.251931656149107","10.0","21.493984549027374"
"60","1481493600000","3.2","2.666666666666667","5.412208478398175","8.934389666170325","9.958525230605867","3.307205995540494","4.8359819045798895","4.645038786311126","4.644588288559548","5.672602992420499","8.920598845562367","8.259020444203468","10.0","21.988266080518052"
"61","1481580000000","3.2666666666666666","2.7222222222222223","5.475495266335014","8.90700568153443","9.999099663276285","3.350967858394299","4.9964379483837345","4.597165412076938","4.621918033988651","5.632266301649228","8.953649604160208","8.441490025570097","10.0","22.709884215412195"
"62","1481666400000","3.3333333333333335","2.777777777777778","5.497483642868312","8.873999346074582","9.999092311060265","3.368638493936266","4.839208677743996","4.614608010437878","4.5989657738996215","5.632415080547836","8.963946576439124","8.483798576258323","10.0","23.125356975157455"
"63","1481752800000","3.4","2.8333333333333335","5.48753958525755","8.845308102073368","10.0","3.343238152507066","4.884769157142245","4.587892500358649","4.5804972291295964","5.625453370920971","8.981609616962608","8.616368223291312","10.0","23.66686997687961"
"64","1481839200000","3.466666666666667","2.8888888888888893","5.4554174575348","8.817947501087813","10.0","3.3398351255882193","4.841704145662405","4.537938378728674","4.502506174918267","5.639689091871013","8.922352868816652","8.120364940656042","10.0","23.36402397112844"
"65","1482098400000","3.533333333333333","2.9444444444444446","5.577916390753172","8.791824143781957","10.0","3.3162044231666554","4.690045381224598","4.273449357740126","4.203769911740376","5.4870288058488565","8.676482195446543","7.543837040222852","10.0","22.91907428335492"
"66","1482184800000","3.6","3.0","5.603175778369746","8.766900266581237","10.0","3.358401744973321","4.65547375114276","4.326758706419455","4.18567573102802","5.463915464851771","8.667770919469117","7.274222537390951","10.0","22.960997276694627"
"67","1482271200000","3.6666666666666665","3.0555555555555554","5.586216601028944","8.743130327767437","10.0","3.3613988750978026","4.582080585282876","4.374656677050072","4.197728617788005","5.463159107549664","8.671682009759078","6.863085693483915","10.0","22.750098694564745"
"68","1482357600000","3.7333333333333334","3.111111111111111","5.665529213468797","8.720470650122266","10.0","3.3605315008035044","4.5719458105290345","4.364097199758714","4.209743280341447","5.420386342916635","8.672951592012698","6.615570748324519","10.0","22.84355737556204"
"69","1482444000000","3.8","3.1666666666666665","5.807913653691097","8.698826809334506","10.0","3.3240813927979507","4.586768492858417","4.338580165019436","4.220192421767728","5.423562228953158","8.585278800258843","6.758101776292631","10.0","23.488501922335082"
"70","1482703200000","3.8666666666666667","3.2222222222222223","5.92178364377842","8.685756942568226","10.0","3.2912475132302914","4.588228207849615","4.339152984360438","4.225707487943341","5.426815755717506","8.581930063643808","6.537220898005586","10.0","23.640321080598582"
"71","1482789600000","3.9333333333333336","3.277777777777778","5.982503216803614","8.672530576686812","10.0","3.288284076699357","4.582867154421473","4.304778710814446","4.1960819899689366","5.386244657417207","8.58164066506983","6.661640062434352","10.0","24.199966517255547"
"72","1482876000000","4.0","3.3333333333333335","6.031156645250215","8.65837451625042","10.0","3.2583018230072156","4.552387912876332","4.370103221699215","4.220189960693655","5.335976426212685","8.585338116340948","6.6497529996613505","10.0","24.562859895504083"
"73","1482962400000","4.066666666666666","3.388888888888889","6.0236975981650085","8.649423307795338","10.0","3.4298183944552525","4.561954834634992","4.389614063301358","4.263461920369424","5.338058838516901","8.57234858696949","6.344661852213501","10.0","24.53833856794022"
"74","1483048800000","4.133333333333334","3.444444444444445","6.028783456188192","8.640911231274888","10.0","3.451492393678716","4.606504688113792","4.391004219049396","4.301330979535693","5.3867599571977145","8.577372746187951","7.075638709459879","10.0","25.988525085127172"
"75","1483308000000","4.2","3.5000000000000004","6.035744019267224","8.638807373338572","10.0","3.441193960417656","4.676251251368178","4.372601586721656","4.332630264823681","5.4199372949837565","8.577542625784917","7.2754068500890305","10.0","26.679069424448357"
"76","1483394400000","4.266666666666667","3.555555555555556","6.013850936108779","8.636863033962259","10.0","3.404711771823845","4.7531861340644594","4.329084974354847","4.430962534913677","5.409833493687353","8.560502814282685","7.060453377779829","10.0","26.721353768075772"
"77","1483480800000","4.333333333333333","3.611111111111111","5.906447408326741","8.635070774224067","10.0","3.3713500637960165","4.699316097339155","4.3589728320047065","4.453910518891542","5.396392347137306","8.899470975753868","6.605556293216024","10.0","26.329794943304286"
"78","1483567200000","4.4","3.666666666666667","5.854453605195059","8.633408902097585","10.0","3.5269631228954728","4.583670641624356","4.418472910896321","4.394856012740927","5.405459963436611","8.852760426145522","6.146661839880279","10.0","25.895682115757648"
"79","1483653600000","4.466666666666667","3.7222222222222223","5.855134922778498","8.631871552007542","10.0","3.5578199536112365","4.578646552002993","4.431070401292817","4.416197130752325","5.438831566715658","8.885280353350954","6.526229320960331","10.0","26.840247634179182"
"80","1483912800000","4.533333333333333","3.7777777777777777","5.85825099193631","8.639811109643347","10.0","3.5057082391591474","4.566675475581954","4.422983418821758","4.4218589726691935","5.383943214488049","8.973777109010507","7.139186251650562","10.0","28.136946463254457"
"81","1483999200000","4.6","3.833333333333333","5.902675127245477","8.647531171570703","10.0","3.522716211806612","4.640753494189036","4.362777280904309","4.374797662303344","5.385033256575706","9.0535310214028","6.686697054678063","10.0","27.866941960952786"
"82","1484085600000","4.666666666666667","3.8888888888888893","5.896619936601322","8.655042211493884","10.0","3.535489413528129","4.500550471402045","4.3233483235847086","4.365988607940622","5.403950203258056","9.097980681514139","6.863942969300214","10.0","28.436657588099997"
"83","1484172000000","4.733333333333333","3.9444444444444446","5.884994988991947","8.6617421404672","10.0","3.5196068322141225","4.381783969670704","4.283000738302545","4.3433470401306735","5.400392248306435","9.178225631404807","7.315722799656492","10.0","29.448700636592637"
"84","1484258400000","4.8","4.0","5.852196420594565","8.668246860061526","10.0","3.474282266050569","4.526343219821592","4.3219976487273","4.3115825759037705","5.384661637418809","9.127741114765092","7.571422741016094","10.0","30.18620910071962"
"85","1484517600000","4.866666666666667","4.055555555555556","5.864413511800503","8.674555002546315","10.0","3.4331293621090517","4.5248459924234625","4.265984425699535","4.263263159828363","5.3694844610628065","9.271947027921192","7.981870993790712","10.0","31.235396662156553"
"86","1484604000000","4.933333333333334","4.111111111111112","5.835152448906026","8.680138714059124","10.0","3.425383565740787","4.394179431804239","4.215876246021615","4.194686184164312","5.341084558146356","9.267731830648756","6.804857595907294","10.0","29.47856813409298"
"87","1484690400000","5.0","4.166666666666667","5.870293133753519","8.685145274172513","10.0","3.3830092367920255","4.2953979746746835","4.287938784852708","4.09540607571308","5.31827481418225","9.25885698465395","6.406915461115168","10.0","29.083128552650138"
"88","1484776800000","5.066666666666666","4.222222222222222","5.857481902567193","8.68999286517394","10.0","3.360098864792071","4.101017221013043","4.316945773447177","3.9988588833941012","5.349096974193617","9.209386673629046","6.312099628489147","10.0","29.077110364357676"
"89","1484863200000","5.133333333333334","4.277777777777779","5.864993524668474","8.69468805338072","10.0","3.277434752085755","4.083768309353287","4.372069469739568","3.9784054653904266","5.480128878601364","9.094464340163116","6.126927192563621","10.0","29.00593304157193"
"90","1485122400000","5.2","4.333333333333334","5.879717884493459","8.69923704052544","10.0","3.2604961749623493","4.109106876214469","4.394224774903146","3.9227986780100323","5.489475497495823","9.058820835460505","5.605230969196068","10.0","28.393118417336566"
"91","1485208800000","5.266666666666667","4.388888888888889","5.940237845468369","8.703645688614163","10.0","3.221784854179785","4.117251601078515","4.425861632282294","3.778765010889983","5.3905711093297715","9.058674104040387","5.702836495914391","10.0","28.866960481296125"
"92","1485295200000","5.333333333333333","4.444444444444445","5.970346507709175","8.707919542776668","10.0","3.2188680727700385","4.064259764395362","4.4768219272464895","3.7945467568255125","5.379085685784789","8.955982406078752","5.496185064387767","10.0","28.777526330637233"
"93","1485381600000","5.4","4.500000000000001","6.000379768283044","8.712063852295383","10.0","3.1519849228993335","3.991446537127042","4.421654246549049","3.7156054738169613","5.330395677648655","8.9310431581087","4.966430031610127","10.0","28.027351803780462"
"94","1485468000000","5.466666666666667","4.555555555555556","6.014830293094626","8.716083589980174","10.0","3.1274405075941893","3.8756036351612453","4.3992506188000995","3.7197606553038924","5.401366027580944","8.855402167780468","5.215578724328914","10.0","28.690354253587344"
"95","1485727200000","5.533333333333333","4.611111111111112","6.040379978796262","8.71998347003875","10.0","3.2478249871676477","3.887898597319744","4.419831385385174","3.705316434719413","5.432514623329707","8.83468365302386","5.406311640560048","10.0","29.415292709007886"
"96","1485813600000","5.6","4.666666666666667","6.084852163251109","8.723767964577256","10.0","3.245768188054846","3.931958685561592","4.37325058940964","3.77400398266456","5.433334296463441","8.811978101318235","5.61026082555276","10.0","30.172334923157855"
"97","1485900000000","5.666666666666667","4.722222222222222","6.093714825599189","8.727441318851923","10.0","3.2546802868891382","3.926534566556616","4.4304961926479995","3.692705192251145","5.26425728232976","8.918340358058803","5.545906344146641","10.0","30.343574503853358"
"98","1485986400000","5.733333333333333","4.777777777777778","6.136029150672488","8.73385784465781","10.0","3.262890553382304","3.9194546942726234","4.45614106175353","3.6710216145970174","5.2656469646425075","8.904499443392119","5.429034972389202","10.0","30.454081735251037"
"99","1486072800000","5.8","4.833333333333333","6.144614830476633","8.740095198545779","10.0","3.2661373791620263","3.872875850795539","4.458893684711353","3.6342133538540877","5.284446794279084","8.875671675518115","5.356415753503101","10.0","30.560921922401313"
"100","1486332000000","5.866666666666667","4.888888888888889","6.140537087572426","8.736425152191256","10.0","3.247753098678732","3.8664138736709686","4.480528270717166","3.6389019949214205","5.280547597061464","8.84471644202026","5.01096513130027","10.0","30.128562869701604"
"101","1486418400000","5.933333333333334","4.944444444444445","6.119338101645493","8.732851927622775","10.0","3.2448277923398905","3.7640699287229804","4.554931175581028","3.5903973066355106","5.2178694571790984","8.884943465593455","4.735719751179875","10.0","29.76045346675858"
"102","1486504800000","6.0","5.0","6.084472470265668","8.729372146154562","10.0","3.240196315663045","3.753675711517023","4.6826974692462295","3.535319438457223","5.198069218920789","8.747835419070032","4.435363958051085","10.0","29.299745117171405"
"103","1486591200000","6.066666666666666","5.055555555555555","6.048452333501119","8.725982588262655","10.0","3.2539237481548877","3.629387300194801","4.784721934698916","3.358724575605732","5.11247976032564","8.714531102901402","4.003639573332588","10.0","28.494341506703467"
"104","1486677600000","6.133333333333334","5.111111111111112","6.07327390154723","8.722692748068841","10.0","3.469142349121306","3.5967610973805955","4.913808259144323","3.3000542445432157","5.206371610558621","8.685742756945391","4.314445438101103","10.0","29.479115477338816"
"105","1486936800000","6.2","5.166666666666667","6.112672502726552","8.720536058507092","10.0","3.4182737348714998","3.5793692137269684","4.927737894818447","3.2934186323360644","5.2208789329689385","8.777949028896789","4.186765183034339","10.0","29.517086003532484"
"106","1487023200000","6.266666666666667","5.222222222222222","6.136012789845256","8.71840016484753","10.0","3.4503833791900482","3.57983533526565","5.010948701681003","3.314968506172903","5.234507040274856","8.793235919262717","4.702273541975078","10.0","30.888305970818124"
"107","1487109600000","6.333333333333333","5.277777777777778","6.160043630076034","8.716278713408055","10.0","3.4412094663075816","3.545330670712268","5.011847051457257","3.345163695521958","5.246305088744661","8.79248690323067","4.993996434088594","10.0","31.760491269714063"
"108","1487196000000","6.4","5.333333333333334","6.198719185810089","8.714157408824388","10.0","3.412139494429324","3.515635147180137","4.998678527794803","3.388014803402204","5.273236324577541","8.808613775807476","4.596986660222484","10.0","31.232255569668773"
"109","1487282400000","6.466666666666667","5.388888888888889","6.212752521174613","8.711326407364657","10.0","3.4249572044775483","3.4548179567817234","4.928263332852867","3.4063041871412096","5.284502049538999","8.819970548378542","4.121502858167849","10.0","30.4688037332535"
"110","1487541600000","6.533333333333333","5.444444444444445","6.223180123917491","8.708516923201188","10.0","3.475038008233383","3.305206908434857","4.860427359551498","3.388113045430259","5.32054173184899","8.985567109123682","4.067287794601032","10.0","30.60016383619078"
"111","1487628000000","6.6","5.5","6.246793845035746","8.70571200131851","10.0","3.5084837259287736","3.326110767037502","4.907360484704485","3.417298999460174","5.334875275922327","8.968119473672568","3.3280392468920144","10.0","29.325228222327823"
"112","1487714400000","6.666666666666667","5.555555555555556","6.275447760868551","8.702900235266682","10.0","3.465764290787378","3.3442467257670634","4.641579127092047","3.4739716676219876","5.311167950957648","9.013522189644586","3.15647712523806","10.0","29.198174425914445"
"113","1487800800000","6.733333333333333","5.611111111111112","6.26835682152959","8.700072000556442","10.0","3.469924386578279","3.3504343653591233","4.636748061139604","3.5195323769275175","5.303172083982339","9.016317605493004","3.1658115518715113","10.0","29.443568218371823"
"114","1487887200000","6.8","5.666666666666667","6.281424552903078","8.697236735394231","10.0","3.4964448466428903","3.3491790096081564","4.653246587533202","3.5006986689148984","5.331165660333285","9.025373057853942","3.0919429168646015","10.0","29.526205955024277"
"115","1488146400000","6.866666666666667","5.722222222222223","6.28744930393431","8.694409892992356","10.0","3.51355562105211","3.3458396980778478","4.672975684582308","3.487723483282","5.302279060075895","9.030696101090985","3.1409985429357294","10.0","29.852749328028818"
"116","1488232800000","6.933333333333334","5.777777777777779","6.289941952350993","8.691600768927808","10.0","3.4948521038755365","3.3208156183176105","4.691421737128096","3.4954836020219924","5.32631190331191","9.026750863949232","3.127292137582457","10.0","30.013513030861297"
"117","1488319200000","7.0","5.833333333333334","6.311669064254139","8.688810215150195","10.0","3.451307582213523","3.331753343663016","4.802380639548352","3.5239597585302143","5.324875391952442","9.050920373719606","3.6601552972035045","10.0","31.463192064786266"
"118","1488405600000","7.066666666666666","5.888888888888889","6.333453182553681","8.686021690222526","10.0","3.4135775869855154","3.269555322568042","4.8368051972716914","3.515485114612691","5.2965192271812285","9.009547481030513","2.9307016745121706","10.0","29.979092525292945"
"119","1488492000000","7.133333333333334","5.944444444444445","6.323727569876022","8.683242864638036","10.0","3.334587042662464","3.21088004264326","5.012225803989127","3.565499059323349","5.23894106674804","9.003166777316443","3.001961664898223","10.0","30.278482936463057"
"120","1488751200000","7.2","6.0","6.346762440474536","8.680474183167021","10.0","3.3376563645001625","3.1465554874706774","5.1133987302075266","3.5705942493310343","5.234368728186469","9.038363217775721","3.239692217707692","10.0","31.049697119188817"
"121","1488837600000","7.266666666666667","6.055555555555555","6.3483092640808065","8.67772992075002","10.0","3.291091912580138","3.0996886733641578","5.141098292300331","3.567168935235773","5.189922956646621","9.06461176439584","3.524164608785661","10.0","31.857045868265168"
"122","1488924000000","7.333333333333333","6.111111111111111","6.329737748191365","8.683846126515306","10.0","3.2979603542105504","3.118744590712999","5.197540875048469","3.641735462341657","5.113213988156261","9.085705364593347","3.6036749841028435","10.0","32.279899420278575"
"123","1489010400000","7.4","6.166666666666667","6.3050720073144255","8.68981094780425","10.0","3.374925195432993","3.127192532941959","5.167102225168741","3.7407722980657407","5.208310826598563","9.178220956220013","4.024215021399431","10.0","33.58210128764537"
"124","1489096800000","7.466666666666667","6.222222222222222","6.323751088529791","8.69562875062951","10.0","3.308167291610089","3.141859444005619","5.0240286051717975","3.8242477592175304","5.2519125652058465","8.760517681694","4.324171047536007","10.0","34.32751887149708"
"125","1489352400000","7.533333333333333","6.277777777777778","6.35438357216721","8.70004752463139","10.0","3.1829591860130497","3.1628870871776673","5.05241344678603","3.9235313563596383","5.2118867306800984","8.931258516722412","3.978461519254996","10.0","33.83910800985412"
"126","1489438800000","7.6","6.333333333333333","6.357942489701744","8.70437536505141","10.0","3.1521325618069946","3.175948459254612","5.10141974512667","3.9519813851657615","5.220676163877158","8.936326639581136","3.76680081173848","10.0","33.565480920018814"
"127","1489525200000","7.666666666666667","6.388888888888889","6.353543148247789","8.7086149585269","10.0","3.1469269477701864","3.162848655181506","5.219537395941814","3.8413539655634974","5.134663551870301","8.960820087849216","3.3471915540427135","10.0","32.711975653660744"
"128","1489611600000","7.733333333333333","6.444444444444445","6.344659427923578","8.712768885489645","10.0","3.131317135897219","3.1526481029346094","5.317409091238212","3.86998769492634","5.1816252727156655","8.972508106598584","3.516029799396402","10.0","33.32663655651773"
"129","1489698000000","7.8","6.5","6.346573953866305","8.716846376014649","10.0","3.101331265898546","3.1641953028589294","5.3683683100062325","3.893390931355319","5.137273320505794","8.925583986380662","3.365909545257243","10.0","33.1426140809725"
"130","1489957200000","7.866666666666667","6.555555555555556","6.319720706949482","8.714073804019351","10.0","3.1155505236762755","3.13541980463254","5.388172537218589","3.9251784332283837","5.140439085428086","8.952802596762542","3.8570289771743402","10.0","34.50000511263715"
"131","1490043600000","7.933333333333334","6.611111111111112","6.296179037737824","8.711358236347412","10.0","3.1433635311458734","3.2197261789006237","5.455252432489224","4.060778231556565","5.081679105502729","8.936631726823554","4.29304717409109","10.0","35.8465791324472"
"132","1490130000000","8.0","6.666666666666667","6.293434362577388","8.70870175566582","10.0","3.1766303449984563","3.2492234212510183","5.171088562374325","4.250469374680711","5.091008312844715","9.002843421636157","4.181166937177795","10.0","35.88490602370116"
"133","1490216400000","8.066666666666666","6.722222222222222","6.284168322656563","8.699512561975137","10.0","3.1532789972032322","3.2325589299150215","5.210171525447941","4.284729492668525","5.007180482563505","9.028251075818867","3.8839642192180723","10.0","35.316837667483924"
"134","1490302800000","8.133333333333333","6.777777777777778","6.301039432246119","8.68884311496947","10.0","3.1670024867479336","3.199518235855976","5.190994583695492","4.255872276910916","4.960951284380575","9.019964070635176","4.230188657789354","10.0","36.34292152973918"
"135","1490562000000","8.2","6.833333333333333","6.341101194051875","8.678370307940202","10.0","3.197285368884704","3.202252790503035","5.2600873271048085","4.3042334405122515","5.037030025601287","9.193156055051467","4.73388578353733","10.0","38.01542534881399"
"136","1490648400000","8.266666666666667","6.88888888888889","6.35660939411356","8.666424411220992","10.0","3.1765893892853176","3.1087668633438588","5.28078347895136","4.39553603626303","5.08867737321884","9.21751935187693","4.1693492733778825","10.0","36.805959656084426"
"137","1490734800000","8.333333333333334","6.9444444444444455","6.381683441695403","8.654489464539205","10.0","3.168117432520257","3.218355556031085","5.438893529219591","4.508266950065611","5.04988010906949","9.199665875770602","3.2950416131600413","10.0","34.954215431403895"
"138","1490821200000","8.4","7.000000000000001","6.4341195239319955","8.64276857803323","10.0","3.1662502898206126","3.2200842905902487","5.47252171481317","4.571742176079189","5.121534482306474","9.186328151312988","2.8233805815145088","10.0","34.05454999402063"
"139","1490907600000","8.466666666666667","7.055555555555556","6.4739732794228555","8.631256048828076","10.0","3.1457812086897077","3.204911987540836","5.4213808021670165","4.632900859372599","5.200199403103632","9.155942033407657","2.750006772918826","10.0","34.090908756034246"
"140","1491166800000","8.533333333333333","7.111111111111112","6.520769485785539","8.611706810075258","10.0","3.1434991798906062","3.2347683212505935","5.452917924387418","4.716273883728934","5.1332583443799","9.201949980398057","2.7611788120805985","10.0","34.42903278799977"
"141","1491253200000","8.6","7.166666666666667","6.588589866664937","8.592489450729135","10.0","3.048057272725628","3.287586736722238","5.535187856173738","4.838912921406806","5.201350441846887","9.250943504342441","2.803831891469133","10.0","34.8939301276566"
"142","1491339600000","8.666666666666666","7.222222222222222","6.645007081102847","8.573595238441982","10.0","3.099249943317462","3.225497431022522","5.531607222458814","4.884693274665143","5.207801053503147","9.252128738953093","2.912300895537709","10.0","35.44565264881855"
"143","1491426000000","8.733333333333333","7.277777777777778","6.709599468927737","8.555015738512367","10.0","3.0887375668256905","3.218653886299996","5.565157718907976","4.8296561656040975","5.201061294790633","9.251468576101129","2.8062967118014317","10.0","35.39378436260889"
"144","1491512400000","8.8","7.333333333333334","6.778424327055619","8.536751531908612","10.0","3.0446607551114067","3.2094942445180106","5.588634206615","4.951214677798473","5.179895078116429","9.263392599296594","2.799977375257038","10.0","35.682468201191725"
"145","1491771600000","8.866666666666667","7.388888888888889","6.85502811369784","8.53158650608416","10.0","3.0369944261236266","3.207807988681534","5.587132654119127","5.043438776309337","5.235733191122154","9.262839891599326","2.6691264943668633","10.0","35.68480682161185"
"146","1491858000000","8.933333333333334","7.444444444444445","6.9726275193069025","8.5264888971245","10.0","3.0198065136074153","3.1848897537651295","5.595155815192701","5.167288115491539","5.256538515815537","9.30753896474096","3.3938087879237555","10.0","38.104539418851125"
"147","1491944400000","9.0","7.5","7.0957661132190655","8.52001737449538","10.0","2.9915325861450457","3.2220118400394813","5.493749383192168","5.216681539627453","5.230521894457124","9.342685046783622","3.680726282980374","10.0","39.3337664917994"
"148","1492030800000","9.066666666666666","7.555555555555555","7.208790209674868","8.507142674564802","10.0","2.930046812949392","3.11272543532002","5.411067784649147","5.208425989671887","5.253062100337839","9.315243828744086","3.0096856969674124","10.0","37.69846034852248"
"149","1492117200000","9.133333333333333","7.611111111111111","7.300296603937151","8.494441131674655","10.0","2.855061873348135","3.1424229707791933","5.34517289664133","5.1833624348920875","5.227600116592274","9.322977869126678","3.2094633896354146","10.0","38.52902023269188"
"150","1492376400000","9.2","7.666666666666666","7.3876368167257915","8.493970085820715","10.0","2.847947596501138","3.0654687780399446","5.355307673403122","5.180195527607414","5.240076797906404","9.337566327865723","2.830122289436032","10.0","37.74408877399953"
"151","1492462800000","9.266666666666667","7.722222222222223","7.489105000769902","8.493514696098662","10.0","2.905525039717139","2.989800389448586","5.3276629926087935","5.155865471427322","5.205687618234636","9.408665737207603","3.9359411302854848","10.0","41.27156727268675"
"152","1492549200000","9.333333333333334","7.777777777777779","7.6187875774297105","8.493077452145803","10.0","2.9177993012505965","3.0481274708952197","5.12814037120728","5.156096197267866","5.239262462364316","9.419651630484973","3.768462745887166","10.0","41.26813905896817"
"153","1492635600000","9.4","7.833333333333334","7.737623249874221","8.49273228616879","10.0","2.932435836511631","3.067991205803003","5.06419921493592","5.126973624404974","5.249570426423414","9.438583391432989","3.3532522834151646","10.0","40.49164023619232"
"154","1492722000000","9.466666666666667","7.888888888888889","7.859396816381752","8.492407827829528","10.0","3.0148382166326897","3.066003591404723","5.057980726985632","5.125845526257758","5.2691712305334875","9.413222440691058","3.3900759395900195","10.0","41.073138139977935"
"155","1492981200000","9.533333333333333","7.944444444444445","7.95540941041569","8.492101476932206","10.0","3.0083088680128123","3.038442569339387","4.756649228312769","5.015911423119234","5.184802497498251","9.367415835808565","3.390485072038344","10.0","41.25038204713872"
"156","1493067600000","9.6","8.0","8.001140700401981","8.491812988922312","10.0","3.0183271047872284","3.029754766064193","4.853671159877001","5.070660964362097","5.245335541758099","9.453270272653608","4.834631478905312","10.0","45.967679818443074"
"157","1493154000000","9.666666666666666","8.055555555555555","8.02782778607998","8.491542129866142","10.0","3.016490827033269","3.0220992451438513","4.731240479513352","5.063088017548754","5.218676545909635","9.457155937617063","5.577677158606323","10.0","48.42137237553907"
"158","1493240400000","9.733333333333333","8.11111111111111","8.02458846223198","8.46940820894382","10.0","3.0347423484543463","3.053735733111436","4.68947346713088","5.075451801910633","5.1948174341899245","9.465950888834195","5.542311665863998","10.0","48.51325471542748"
"159","1493326800000","9.8","8.166666666666668","8.003321847355112","8.447581390112124","10.0","3.0584080233860957","3.0824885630283667","4.739243675765917","5.057509730455286","5.1702684244689765","9.514115001632396","6.032539185392012","10.0","50.181147710186806"
"160","1493586000000","9.866666666666667","8.222222222222223","7.986920707978213","8.426054410972066","10.0","3.05451580624778","3.113490378802525","4.780643602618698","5.07486072026463","5.178099497596625","9.503556681290984","5.900693585046297","10.0","49.9430639894153"
"161","1493672400000","9.933333333333334","8.277777777777779","7.982612996282419","8.404811603408547","10.0","3.079588125782389","3.1260006421357924","4.814543670899995","5.0736949804381535","5.21902498176531","9.517468788543855","6.3118537763833436","10.0","51.40908656823314"
"162","1493758800000","10.0","8.333333333333334","7.974157132239645","8.368829807392633","10.0","3.075246940448837","3.1403193513285386","4.922723828472498","5.052339437392112","5.233302825614232","9.4693685419045","6.370472490749211","10.0","51.704941620495276"
"163","1493845200000","10.066666666666666","8.38888888888889","7.96729295356282","8.33186689271794","10.0","3.094338167335116","3.1504580886103506","4.9960652891638055","4.988740498747841","5.257107305613698","9.548927606577866","7.308988964393346","10.0","54.77506251967203"
"164","1493931600000","10.133333333333333","8.444444444444445","7.96237191268042","8.291892382574051","10.0","3.045457794950088","3.1604716194898677","4.986834417848203","4.983112888091662","5.265004241947599","9.552290175282234","7.20502989426702","10.0","54.55487082626022"
"165","1494190800000","10.2","8.5","7.948210826917441","8.252413057907885","10.0","3.0945189352668665","3.1636953466782294","5.052787411117049","4.925531855607707","5.328988212705909","9.556464365793982","6.625585950446754","10.0","52.90146887939212"
"166","1494277200000","10.266666666666667","8.555555555555557","7.935284503500529","8.213410190812294","10.0","3.1363538814225644","3.1756441534027147","5.042054304113695","4.8619331075131305","5.4016711543598515","9.54131151533997","6.719219902954546","10.0","53.30270320955655"
"167","1494363600000","10.333333333333334","8.611111111111112","7.922955542420194","8.17487235682767","10.0","3.1555274685524077","3.187309327754816","5.0003282974298","4.855938847346068","5.344305147124327","9.570538616808994","5.896242503745823","10.0","50.858264462986604"
"168","1494450000000","10.4","8.666666666666668","7.898190545252992","8.135070002718862","10.0","3.1613068359309833","3.199892070528639","5.005971942386673","4.8692906631622614","5.294941955391977","9.529002393125975","6.168464311965769","10.0","51.754748237035194"
"169","1494536400000","10.466666666666667","8.722222222222223","7.891890669053504","8.095765815384855","10.0","3.1255323695003163","3.51964393439426","5.047346445105526","4.98240250088124","5.463702811049107","9.59945613575072","6.314644049749929","10.0","52.71618119040952"
"170","1494795600000","10.533333333333333","8.777777777777779","7.870194997219781","8.064355713172237","10.0","3.172527852991662","3.5379232031148846","4.989275566489408","5.027416512396775","5.564631132406184","9.60709713775081","6.4183099367421415","10.0","53.214615662362796"
"171","1494882000000","10.6","8.833333333333334","7.851414870291582","8.033319997571422","10.0","3.199203979274613","3.5236165424921913","4.996869721224487","5.079189595178981","5.607525196858104","9.590428331223332","6.6358107414738114","10.0","54.02550177098496"
"172","1494968400000","10.666666666666666","8.88888888888889","7.798297377123017","8.00287495055413","10.0","3.193454492068388","3.481552179679082","5.047683122127627","5.143773047393852","5.662255085099636","9.531954400316678","6.3246498852940425","10.0","53.01505218917213"
"173","1495054800000","10.733333333333333","8.944444444444445","7.74096923014072","7.973367413221774","10.0","3.1944621658641115","3.5380900318885407","5.064810640507005","5.168131549772056","5.707171251258911","9.51171326353258","6.335396277638884","10.0","53.082410444503886"
"174","1495141200000","10.8","9.000000000000002","7.688599820529962","7.939192109411463","10.0","3.2226768513234556","3.5123566222994302","5.070722036723971","5.458661462367505","5.703359014506475","9.55955141005131","7.143226424531958","10.0","55.818744401289834"
"175","1495400400000","10.866666666666667","9.055555555555557","7.633753252820659","7.922921008278257","10.0","3.2688290692317725","3.5666717450470173","5.063851900417472","5.070492193307086","5.666621373095724","9.526184273245564","6.422132807016199","10.0","53.34233540584676"
"176","1495486800000","10.933333333333334","9.111111111111112","7.576968523785567","7.904250611956961","10.0","3.2804846598062163","3.5648002337516815","5.018963653172952","5.330835406431268","5.686151097170757","9.497177402064397","6.050659457828647","10.0","52.294577226595266"
"177","1495573200000","11.0","9.166666666666668","7.530037484704356","7.893447003498187","10.0","3.271239984314113","3.616946465712987","4.944765467991898","5.20530350574044","5.653143262791015","9.466663493479814","5.739571074743464","10.0","51.23871596945246"
"178","1495659600000","11.066666666666666","9.222222222222223","7.491847628984197","7.869773420333686","10.0","3.275470737828337","3.610120337473092","4.793748350982639","5.282697926526723","5.671812493440392","9.46202791234672","6.643823070117475","10.0","54.1237464916272"
"179","1495746000000","11.133333333333333","9.277777777777779","7.445530515408604","7.862583819528178","10.0","3.410504307713986","3.6699577109951056","4.972103533874348","5.086979751649886","5.667666450970507","9.33260836725151","5.844276871605127","10.0","51.604085969399875"
"180","1496005200000","11.2","9.333333333333334","7.4493111629312665","7.863392531614249","10.0","3.435782030095918","3.72531150644633","4.940777515724287","5.069663493479207","5.6380756518769095","9.332974643847356","5.8807219640813795","10.0","51.92643209589564"
"181","1496091600000","11.266666666666667","9.38888888888889","7.3933412986899665","7.861028179164061","10.0","3.471731706551633","3.7040245505642524","5.002108458545255","4.95716195786527","5.635308191752698","9.307499362991082","5.548089551286404","10.0","50.793462568086596"
"182","1496178000000","11.333333333333334","9.444444444444445","7.3411579310103035","7.858604613645191","10.0","3.48671858915598","3.734046055707984","5.056789236507285","4.953824640724546","5.491801152308336","9.373687805715008","5.848980861676204","10.0","51.79737951722136"
"183","1496264400000","11.4","9.5","7.213909501007702","7.85808756868356","10.0","3.567900263602173","3.705392895167541","5.134639442787047","4.930694902485478","5.491388483663222","9.300893182420428","6.795679268175844","10.0","54.556179411345944"
"184","1496350800000","11.466666666666667","9.555555555555555","7.16673962466698","7.853147189664609","10.0","3.634117818779569","3.7646783368339034","5.0674888291858275","4.944238853667971","5.515770218442663","9.264417059148528","7.486361811674806","10.0","56.81118666591546"
"185","1496610000000","11.533333333333333","9.61111111111111","7.122155271649939","7.848215070122678","10.0","3.7210388531273813","3.7786684845058582","5.029254832636592","4.9609436981361625","5.500490846812724","9.255541875134156","7.208371529656487","10.0","56.01067027367951"
"186","1496696400000","11.6","9.666666666666666","7.078734086456901","7.842091449571006","10.0","3.6509794545493124","3.786909743337758","5.049134006664247","5.0130492822109805","5.4991371054889795","9.273944054738578","7.191809110743696","10.0","55.951102806255214"
"187","1496782800000","11.666666666666666","9.722222222222221","7.08369682261228","7.835938798462356","10.0","3.6466433136549976","3.765692767089335","5.093513459142459","5.010206378081392","5.4460866045182135","9.166834066053704","7.095309777068294","10.0","55.701668580063206"
"188","1496869200000","11.733333333333333","9.777777777777777","7.033654655735595","7.829749834724684","10.0","3.6128644645691246","3.8183012621957535","5.057335074306753","5.005097832695421","5.496399325099512","9.309269862348197","7.292268261806107","10.0","56.39894510738262"
"189","1496955600000","11.8","9.833333333333334","6.949861699968091","7.832833897861937","10.0","3.58439820765374","3.8386133773464186","5.077041344303579","4.978158758973726","5.49194379419473","9.186064319983725","6.63977987822615","10.0","54.10831992928976"
"190","1497214800000","11.866666666666667","9.88888888888889","6.912960382242292","7.832698626552227","10.0","3.5887866121768783","3.864202796102678","5.167565870563128","5.123870587603928","5.508433087241515","9.285932154464117","6.393952634585962","10.0","53.546718789572"
"191","1497301200000","11.933333333333334","9.944444444444445","6.917209738951538","7.832567640027921","10.0","3.621195319304565","3.856008237057652","5.21394324164254","5.163963932873283","5.531558475223094","9.28111897837859","6.252006051562121","10.0","53.293275575647364"
"192","1497387600000","12.0","10.0","6.805967117219328","7.775364307502263","10.0","3.620252908165496","3.8516611572144077","5.372618015107406","4.961806784555873","5.503519856943669","9.237378779424116","6.4365843931028905","10.0","53.429880827053815"
"193","1497474000000","12.066666666666666","10.0","6.824612756478387","7.781459065837456","10.0","3.6320443170005605","3.8504928966089276","5.422838411716912","4.995579767879273","5.524151048803821","9.193840960247549","6.1128142462278685","10.0","52.494438015724285"
"194","1497560400000","12.133333333333333","10.0","6.765887571945871","7.790843776796161","10.0","3.7191262603519597","3.9366117423556393","5.169591305175683","4.958562647057924","5.3991182656518335","9.10842016196977","6.180704626511924","10.0","52.52733417994595"
"195","1497819600000","12.2","10.0","6.78519032930279","7.800056460756566","10.0","3.705099127482614","3.9576935764543073","5.4145719993934796","4.91278525720427","5.410839880276943","9.197147286673424","6.566839830810871","10.0","53.90340904287999"
"196","1497906000000","12.266666666666667","10.0","6.752008962029276","7.80916152640602","10.0","3.74104539393462","3.971805464859301","5.431939520220808","4.953882728687603","5.3921486517232395","9.088647315111292","6.627246867431726","10.0","53.99924558069813"
"197","1497992400000","12.333333333333334","10.0","6.681302042485589","7.818216542545489","10.0","3.739473652857119","3.97709029921346","5.290765542473341","4.964387887266823","5.37218121999953","9.07778179159044","6.915347280753979","10.0","54.65491756991238"
"198","1498078800000","12.4","10.0","6.6576494191032225","7.82707863404589","10.0","3.7438309868997415","3.9358655543499506","5.593380471764133","4.828957838750652","5.369214130645938","9.153836897370395","6.8683394167796035","10.0","54.43811586030172"
"199","1498165200000","12.466666666666667","10.0","6.628153421923061","7.835859397582549","10.0","3.761245474070071","3.9300264180527518","5.408563372227854","4.872902984759327","5.3709277814541885","9.079478243937046","6.654014051823411","10.0","53.63887884956629"
"200","1498424400000","12.533333333333333","10.0","6.611035055929063","7.844470355923323","10.0","3.6733369834447127","3.940155873162398","5.648163931802033","4.801952274892785","5.314779245107254","9.113359871487091","6.770290817245308","10.0","53.90872764049622"
"201","1498510800000","12.6","10.0","6.582391575616659","7.853046181768903","10.0","3.694345439442537","3.9339309370413655","5.282214702748381","4.666649284020865","5.362735932575456","9.076481858059779","6.404759131766818","10.0","52.53097683933028"
"202","1498597200000","12.666666666666666","10.0","6.602789538009182","7.863390380928983","10.0","3.7262766397411644","3.939973455054298","5.7061931134040424","4.718695758425987","5.409654790763434","9.114107498132178","6.085267610745312","10.0","51.80111944124386"
"203","1498683600000","12.733333333333333","10.0","6.571095105379331","7.878632146693617","10.0","3.747369791204248","3.9381612885837236","4.938273859616789","4.631164624315448","5.462121210245407","9.118158552823285","5.830006579687236","10.0","50.74711713079522"
"204","1498770000000","12.8","10.0","6.459406857967313","7.891916797307199","10.0","3.7611175610252885","3.891628672438765","5.3527705006356605","4.530250405372093","5.322469899805827","9.12299262242015","5.806448892269907","10.0","50.321777753779784"
"205","1499029200000","12.866666666666667","10.0","6.398836550749047","7.905078437682609","10.0","3.7574799988000365","3.8885377314377036","4.959491107519735","4.610053777481102","5.317725275103982","9.12464370455108","5.692960432372515","10.0","49.769512735665266"
"206","1499115600000","12.933333333333334","10.0","6.425953147864516","7.918172827193457","10.0","3.7801928330468355","3.941923572219257","5.523925156400942","4.573938328430135","5.292356778386172","9.18218074413183","5.699857434390731","10.0","50.07825016419531"
"207","1499202000000","13.0","10.0","6.32691716587651","7.928984351241892","10.0","3.785511172308894","3.9542295851595655","5.101889207436866","4.565880045933075","5.208344229869285","9.106242076272576","5.873012044224584","10.0","50.181521550525126"
"208","1499288400000","13.066666666666666","10.0","6.282104025288944","7.934256343893784","10.0","3.7940360994333524","3.8680426495009854","5.525611804379178","4.189467452773102","5.153999479934401","9.168260008850925","5.8497025406588214","10.0","49.80012611130093"
"209","1499374800000","13.133333333333333","10.0","6.263992603143612","7.939520956328902","10.0","3.8233912063579005","3.8929186742302226","5.2711923401012175","4.314640138763751","5.166277385048907","9.075316154118983","5.7719776400610545","10.0","49.52973069326548"
